id,site,board,date,dateEnd,venue,query,matched,title,price,delivery,url,body,fetchedAt
"f3662e0b79d8f650","ppomppu","freeboard","2025-07-07","","","이런 앱 없나","이런 앱 없나","이런 앱은 없나요 가령 와이파잉데이터를 끄고 있는데ㅣ","","","https://www.ppomppu.co.kr/zboard/view.php?id=freeboard&no=9531495","","2026-10-03T01:02:16.114Z"
"33dda315e38c6eb7","ppomppu","freeboard","2024-10-23","","","이런 기능 없나","이런 기능 없나","뽐뿌설정에 화면 확대기능 너무좋은데 폰자체도 이런기능없나요","","","https://www.ppomppu.co.kr/zboard/view.php?id=freeboard&no=9008864","","2026-10-03T01:02:16.114Z"
"0723a0e1ff69162b","ppomppu","freeboard","2026-04-06","","","자동으로 안되나","자동으로 안되나","갤럭시 A35 사용중인데 녹화녹음 텍스트 변환 자동으로 안되나 요?","","","https://www.ppomppu.co.kr/zboard/view.php?id=freeboard&no=9899857","","2026-10-03T01:02:16.115Z"
"58c33222b2a6104a","dogdrip","title","2025-02-19","","","엑셀로 관리","엑셀로 관리","일본에서 재고관리를 엑셀로 안하는 이유","","","https://www.dogdrip.net/dogdrip/615666920","","2026-10-03T01:02:16.115Z"
"15d3420e40ff0d3a","dogdrip","title","2025-02-10","","","엑셀로 관리","엑셀로 관리","일본에서 재고관리를 엑셀로 안하는 이유","","","https://www.dogdrip.net/dogdrip/613781796","","2026-10-03T01:02:16.115Z"
"7ab205c5e4de69c4","ppomppu","freeboard","2025-11-11","","","엑셀로 관리","엑셀로 관리","일일 업무일지를 엑셀로 관리 하고 싶은데요, 클릭으로 관리하게 시스템을 만들고...","","","https://www.ppomppu.co.kr/zboard/view.php?id=freeboard&no=9719476","","2026-10-03T01:02:16.115Z"
"35c1ddb1b19321aa","ppomppu","freeboard","2025-11-09","","","엑셀로 관리","엑셀로 관리","토스 소비내역 엑셀로 관리 하려는데, 쓰기 좋은 서비스 있을까요?","","","https://www.ppomppu.co.kr/zboard/view.php?id=freeboard&no=9717244","","2026-10-03T01:02:16.115Z"
"2427d51e4e8e323b","ppomppu","freeboard","2025-02-11","","","엑셀로 관리","엑셀로 관리","일본에서 재고관리를 엑셀로 안하는 이유.jpg","","","https://www.ppomppu.co.kr/zboard/view.php?id=freeboard&no=9246687","","2026-10-03T01:02:16.115Z"
"40cdd3fbf23842c5","ppomppu","humor","2026-03-27","","","엑셀로 관리","엑셀로 관리","일본에서 재고관리를 엑셀로 하지 않는 이유","","","https://www.ppomppu.co.kr/zboard/view.php?id=humor&no=748507","","2026-10-03T01:02:16.115Z"
"3c973565d0200c1c","ppomppu","humor","2025-02-11","","","엑셀로 관리","엑셀로 관리","일본에서 재고관리를 엑셀로 안하는 이유","","","https://www.ppomppu.co.kr/zboard/view.php?id=humor&no=652098","","2026-10-03T01:02:16.115Z"